,year,income
0,2022,42634.19140755315
1,2023,43454.50444891816
2,2024,44274.81749028317
